iter	RMSE
0	35.18828818
1	22.00451126
2	15.73792852
3	11.90700609
4	9.915580871
5	9.051030357
6	8.349893937
7	7.972791691
8	7.572789646
9	7.15440626
